Archivo;Nº;Corporación;Radicado;Instancia;Magistrado ponente;Partes procesales;Tema principal;;RELACIÓN PLAYAS;CATEGORIA ANALISIS;TEMÁTICA
AP PROCURADURÍA GENERAL DE LA ANCIÓN VS COORPAMAG Y OTROS.pdf;SM-01;Tribunal Administrativo del Magdalena;47-001-2333-000-2018-00368-00;;Adonay Ferrari Padilla;Accionante: Procuraduría General de la Nación – Procuraduría Delegada para Asuntos Ambientales. Demandados: Nación – ANLA, Ministerio de Defensa, DIMAR, CORPAMAG, Distrito de Santa Marta, DADSA, Proactiva Santa Marta S.A. E.S.P.;Protección del ambiente marino en la Bahía de Santa Marta frente a vertimientos contaminantes y omisiones institucionales.;;Indirecta;No Aplica;Ambiental
AP  Carlos Alberto Zúñiga Mejía y otros VS DIMAR y otros.pdf;SM-02;Tribunal Administrativo del Magdalena;470012333000202100198-00;;María Victoria Quiñones Triana;Demandantes: Carlos Alberto Zúñiga Mejía y otros. Demandados: Nación – Ministerio de Ambiente, Distrito de Santa Marta, ESSMAR, DADSA. Vinculados: DIMAR, CORPAMAG, INVEMAR, Policía Nacional, entre otros.;Protección del ecosistema marino-costero de la Bahía de Taganga por vertimientos de aguas residuales y pluviales.;;Indirecta;No Aplica;Ambiental
AP Felipe José Campo Fernández VS Corpamag y otros.pdf;SM-03;Tribunal Administrativo del Magdalena;470012333000202000687-00;;María Victoria Quiñones Triana;Actor: Felipe José Campo Fernández. Demandados: Departamento del Magdalena y municipio de Ciénaga. Vinculados: DIMAR, CORPAMAG, UNGRD, ANLA, INVEMAR, Ministerio de Ambiente, entre otros.;Erosión costera en playas del municipio de Ciénaga y responsabilidad institucional frente al riesgo ambiental y territorial.;;Directa;;Gestión del riesgo
AP Gerardo Antenor Lemus Orozco VS Distrito de Santa Mata y otros.pdf;SM-04;Tribunal Administrativo del Magdalena (segunda instancia);47-001-3333-005-2010-00684-01;;María Victoria Quiñones Triana;Actor: Gerardo Antenor Lemus Orozco. Demandados: Nación – Ministerio de Ambiente, Distrito de Santa Marta, Curaduría Urbana No. 2, DIMAR, Pevesca Ltda. e Inversiones Vives Ltda.;Protección del espacio público en zona de playa (“Los Cocos”) frente a construcción de muro que restringía el acceso al litoral.;;Directa;Acceso;
AP Gieseken Cuello & Cía. S. en C. VS DIMAR y otros.pdf;SM-05;Tribunal Administrativo del Magdalena;47-001-3333-001-2016-00473-01;;Maribel Mendoza Jiménez;Accionante: Gieseken Cuello & Cía. S. en C. Demandados: DIMAR, Distrito de Santa Marta, Curaduría Urbana, Irotama S.A.S. y Valor S.A.;Construcción del proyecto Irotama Reservado presuntamente sobre zona de playa marítima e infracción de normas urbanísticas.;;Directa;Usufructo;
AP Rodrigo Martínez Silva VS Minambiente y otros.pdf;SM-06;Tribunal Administrativo del Magdalena;47-001-2333-000-2016-00482-00;;María Victoria Quiñones Triana;Actores: Rodrigo Martínez Silva y Yulín Yasira Serbousse Castro. Demandados: Nación – Ministerio de Ambiente, Ministerio de Defensa, DIMAR, Distrito de Santa Marta, DADSA, CORPAMAG.;Acción popular por erosión costera y desaparición de la playa Salguero en Santa Marta.;;Directa;;Gestión del riesgo
AP Inversiones E y D S.A.S VS DIMAR y otros.pdf;SM-07;Tribunal Administrativo del Magdalena;47-001-2333-000-2016-00270-00;;María Victoria Quiñones Triana;Actores: Inversiones E y D S.A.S. y Verónica Carolina Dávila Dávila. Demandados: Nación – Ministerio de Defensa, DIMAR, Distrito de Santa Marta, DADSA.;Uso de playa Los Cocos para eventos masivos y afectación de derechos colectivos al ambiente sano y espacio público.;;Directa;Usufructo;
AP Miguel Ángel Enciso VS Distrito y otros.pdf;SM-08;Tribunal Administrativo del Magdalena;47-001-3333-001-2016-03261;;Maribel Mendoza Jiménez;Accionante: Miguel Ángel Enciso Pava. Demandados: CORPAMAG, Distrito de Santa Marta, DADMA y Nación – DIMAR.;Alteración del cauce del río Gaira y su desembocadura al mar Caribe, con impacto ambiental y urbano.;;Indirecta;;Ambiental
AP Gabriel Antonio Carrero VS DIMAR y otros.pdf;SM-09;Tribunal Administrativo del Magdalena;47-001-2331-003-2011-08425-00;;Edgar Alexi Vásquez Contreras;Accionante: Gabriel Antonio Carrero Torres. Demandados: Departamento del Magdalena, DIMAR, Distrito de Santa Marta, Ministerio de Ambiente.;Acción popular por erosión costera en el sector Pozos Colorados y amenaza a derechos colectivos.;;Directa;;Gestión del riesgo
